120393fd3ccca724,1
1268833ab0051ed4,2
1424f91742952bdd,3
1c00807d46daee79,4
1e2a713addbedb87,5
1f049ea76e595729,6
28253f1d4f1629a5,7
2b37ac5638bac036,8
2c187392b615d059,9
2f3bc4bf5ce24531,10
322d6cb7a03ba380,11
35611da39ae8eeb1,12
3c85f16b191f7e1d,13
3fa7f5946e4620ff,14
44c698b2fd779a5c,15
45113574e7282f40,16
52adad443bbaed15,17
69fdcdafcd461dbb,18
74ae8a3e74b7fe56,19
8096ed6f81458725,20
8456206fbd61299a,21
8820a83e617cded8,22
8f074078a451bdd4,23
8fddfb1761e82e5d,24
9279f51b43e8f684,25
9322ed1d54f39fa3,26
9c7d2f672bb140cb,27
9e32681a3051e8d0,28
aff2bc00e46c6207,29
b09592cae142f566,30
b37fa6fa53d0220c,31
bf95403eec5e2be7,32
c0a50fa07ba2e84e,33
c0d43ab33f48ddd2,34
c6883a62fe056e9,35
cf834229a1574394,36
cf885963fc86e1bf,37
d435678b497ec126,38
da516437a2bcac8e,39
ea4fa78d7fd0d377,40
ea6974a0c3b474e1,41
f177e90e46f0441b,42